MarkerID	GeneticChr	GeneticPos	PhysicalChr	PhysicalPos
SNPid1	LG1	12.141	Chr2	40943390
SNPid2	LG1	12.141	Chr2	40943797
SNPid3	LG10	46.511	Chr13	16915715
SNPid4	LG7	13.209	Chr7	7242600
SNPid5	LG1	20.956	Chr2	37244585
SNPid6	LG3	28.868	Chr11	10439119
SNPid7	LG9	10.153	Chr4	19444502
SNPid8	LG3	62.450	Chr11	33170802
SNPid9	LG3	49.013	Chr11	21873090
SNPid10	LG4	41.574	Chr6	17979351
SNPid11	LG10	11.094	Chr13	4113430
SNPid12	LG4	27.464	Chr6	27331192
SNPid13	LG10	47.672	Chr13	18172349
SNPid14	LG1	8.817	Chr2	41594940
SNPid15	LG8	61.570	Chr12	7093227
SNPid16	LG4	26.949	Chr6	27359138
SNPid17	LG14	9.299	Chr9	3465604
SNPid18	LG10	49.262	Chr13	25165349
SNPid19	LG3	61.031	Chr11	32191828
SNPid20	LG8	27.595	Chr12	25146256
SNPid21	LG8	27.595	Chr13	30916642
SNPid22	LG10	56.080	Chr13	32392467
SNPid23	LG6	4.327	Chr10	1573009
SNPid24	LG6	4.327	Chr10	1573296
SNPid25	LG2	32.343	Chr8	12707075
SNPid26	LG6	38.156	Chr10	33211255
SNPid27	LG2	66.880	Chr8	2052438
SNPid28	LG10	0.487	Chr13	673632
SNPid29	LG2	2.159	Chr8	36380121
SNPid30	LG13	30.873	Chr14	28837383
SNPid31	LG8	2.839	Chr12	29659887
SNPid32	LG3	63.544	Chr11	34830015
SNPid33	LG9	10.532	Chr14	19446820
SNPid34	LG1	32.105	Chr2	31654643
SNPid35	LG7	17.395	Chr7	8484188
SNPid36	LG2	6.855	Chr8	35049361
SNPid37	LG9	64.082	Chr4	1748529
SNPid38	LG2	1.865	Chr8	36974917
SNPid39	LG1	42.315	Chr2	28920934
SNPid40	LG6	48.733	Chr10	32783508
SNPid41	LG6	48.733	Chr10	32746971
SNPid42	LG3	49.659	Chr11	21910618
SNPid43	LG10	60.742	Chr13	35135257
SNPid44	LG3	45.137	Chr9	11200261
SNPid45	LG6	34.249	Chr10	17456391
SNPid46	LG3	35.769	Chr11	13315236
SNPid47	LG14	45.926	Chr9	20790181
SNPid48	LG4	42.515	Chr6	15426886
SNPid49	LG13	43.550	Chr14	16066958
SNPid50	LG2	43.188	Chr8	8935793
SNPid51	LG1	2.442	Chr2	43721938
SNPid52	LG2	20.898	Chr8	29728214
SNPid53	LG2	45.869	Chr8	7975831
SNPid54	LG3	5.521	Chr11	3196400
SNPid55	LG1	6.667	Chr2	42374121
SNPid56	LG4	39.736	Chr6	19963917
SNPid57	LG8	67.969	Chr12	5416650
SNPid58	LG1	26.452	Chr2	35335507
SNPid59	LG6	36.291	Chr10	23356509
SNPid60	LG2	44.319	Chr8	8287578
SNPid61	LG10	6.751	Chr13	3010287
SNPid62	LG10	48.329	Chr13	23861443
SNPid63	LG13	67.530	Chr14	2405963
SNPid64	LG14	32.860	Chr9	10262686
SNPid65	LG9	10.505	Chr4	13816892
SNPid66	LG9	8.427	Chr4	18253414
SNPid67	LG4	10.212	Chr6	31958322
SNPid68	LG3	34.427	Chr11	12300790
SNPid69	LG1	2.950	Chr2	43558972
SNPid70	LG10	3.147	Chr13	1345551
SNPid71	LG9	56.308	Chr4	3560518
SNPid72	LG6	44.062	Chr10	30647309
SNPid73	LG9	69.329	Chr4	583466
SNPid74	LG2	20.564	Chr8	30003226
SNPid75	LG8	7.064	Chr12	28791684
SNPid76	LG6	10.701	Chr10	4163143
SNPid77	LG10	57.523	Chr13	33140553
SNPid78	LG8	56.265	Chr12	15837124
SNPid79	LG8	93.503	Chr13	9264874
SNPid80	LG4	19.136	Chr6	29439705
SNPid81	LG1	51.289	Chr2	16097448
SNPid82	LG6	47.939	Chr10	32475447
SNPid83	LG4	33.268	Chr6	25072723
SNPid84	LG9	62.254	Chr4	2331983
SNPid85	LG14	1.924	Chr9	1220196
SNPid86	LG3	59.959	Chr11	31533464
SNPid87	LG1	54.125	Chr2	11804276
SNPid88	LG1	54.125	Chr2	11890349
SNPid89	LG10	51.983	Chr14	1088065
SNPid90	LG6	0.225	Chr10	192366
SNPid91	LG8	30.116	Chr6	24808939
SNPid92	LG14	24.832	Chr9	7739085
SNPid93	LG14	24.832	Chr9	7780179
SNPid94	LG8	46.739	Chr12	20677564
SNPid95	LG4	24.275	Chr6	28134428
SNPid96	LG10	6.211	Chr13	2800661
SNPid97	LG14	40.581	Chr9	14331947
SNPid98	LG9	21.249	Chr4	9504774
SNPid99	LG3	15.642	Chr11	6662431
SNPid100	LG1	5.038	Chr2	43179521
SNPid101	LG13	0.326	Chr14	37653857
SNPid102	LG1	51.382	Chr2	17685166
SNPid103	LG1	44.843	Chr2	27365824
SNPid104	LG4	48.297	Chr6	3325373
SNPid105	LG2	29.322	Chr8	14105239
SNPid106	LG1	67.301	Chr2	4402117
SNPid107	LG14	27.635	Chr9	9103858
SNPid108	LG3	5.135	Chr11	2658336
SNPid109	LG1	57.036	Chr2	9349698
SNPid110	LG7	10.387	Chr7	5525001
SNPid111	LG3	63.475	Chr11	34863488
SNPid112	LG6	9.651	Chr10	3286677
SNPid113	LG14	12.776	Chr9	4669235
SNPid114	LG3	41.386	Chr11	14897345
SNPid115	LG1	45.059	Chr2	27841027
SNPid116	LG13	22.169	Chr14	31629141
SNPid117	LG7	12.102	Chr7	6117744
SNPid118	LG13	52.180	Chr14	9880637
SNPid119	LG8	36.639	Chr12	23299267
SNPid120	LG3	41.459	Chr11	14756030
SNPid121	LG1	57.075	Chr2	9504355
SNPid122	LG10	62.760	Chr13	36054436
SNPid123	LG2	23.347	Chr8	25118597
SNPid124	LG10	19.732	Chr13	6069446
SNPid125	LG1	12.319	Chr2	40828085
SNPid126	LG6	9.933	Chr10	3553621
SNPid127	LG4	38.016	Chr8	21441310
SNPid128	LG3	35.158	Chr11	12716205
SNPid129	LG8	8.209	Chr12	28493848
SNPid130	LG3	28.943	Chr11	10424941
SNPid131	LG1	5.155	Chr2	43176958
SNPid132	LG4	18.595	Chr6	29938449
SNPid133	LG3	19.132	Chr11	7866622
SNPid134	LG6	53.731	Chr10	34264367
SNPid135	LG14	1.054	Chr9	806658
SNPid136	LG14	49.240	Chr9	22386297
SNPid137	LG14	11.511	Chr9	4005545
SNPid138	LG1	51.799	Chr2	14529069
SNPid139	LG14	3.423	Chr9	1614921
SNPid140	LG14	24.040	Chr9	7664888
SNPid141	LG6	44.467	Chr10	31242889
SNPid142	LG13	18.596	Chr14	32697995
SNPid143	LG10	1.219	Chr13	887629
SNPid144	LG3	16.921	Chr11	7195401
SNPid145	LG8	45.380	Chr12	20765122
SNPid146	LG9	32.023	Chr4	7466517
SNPid147	LG14	1.925	Chr14	38647958
SNPid148	LG14	26.169	Chr9	7761337
SNPid149	LG1	51.513	Chr2	18954260
SNPid150	LG3	19.398	Chr11	7650912
SNPid151	LG1	51.312	Chr2	20128131
SNPid152	LG6	14.041	Chr10	5045472
SNPid153	LG3	38.250	Chr11	14048790
SNPid154	LG4	49.584	Chr6	2060206
SNPid155	LG4	39.136	Chr6	20739139
SNPid156	LG10	57.258	Chr13	33019438
SNPid157	LG2	69.896	Chr8	1452801
SNPid158	LG8	57.950	Chr12	10419941
SNPid159	LG2	31.232	Chr8	13295222
SNPid160	LG3	0.574	Chr11	465090
SNPid161	LG1	79.820	Chr2	488961
SNPid162	LG6	33.027	Chr10	16720401
SNPid163	LG3	15.691	Chr11	6595787
SNPid164	LG3	64.345	Chr11	33604708
SNPid165	LG8	8.773	Chr12	28224177
SNPid166	LG8	8.773	Chr12	28237429
SNPid167	LG9	62.187	Chr4	2156191
SNPid168	LG13	33.698	Chr14	28119873
SNPid169	LG6	45.590	Chr10	31768916
SNPid170	LG3	44.854	Chr11	17586764
SNPid171	LG6	28.722	Chr10	12564746
SNPid172	LG10	38.851	Chr13	12452464
SNPid173	LG1	51.147	Chr2	18827142
SNPid174	LG1	56.644	Chr2	9593982
SNPid175	LG13	38.044	Chr14	25722974
SNPid176	LG2	39.533	Chr8	9634845
SNPid177	LG14	40.674	Chr9	14314131
SNPid178	LG3	4.701	Chr11	2682053
SNPid179	LG2	31.737	Chr8	13018888
SNPid180	LG8	61.287	Chr12	7269353
SNPid181	LG7	17.369	Chr7	8434068
SNPid182	LG1	21.377	Chr2	37172921
SNPid183	LG11	18.633	Chr4	9249851
SNPid184	LG1	11.101	Chr2	41077312
SNPid185	LG2	38.987	Chr8	10042891
SNPid186	LG3	48.752	Chr11	19499160
SNPid187	LG3	36.674	Chr11	13484581
SNPid188	LG6	17.537	Chr10	6978511
SNPid189	LG4	44.702	Chr6	11314914
SNPid190	LG6	16.984	Chr10	6169157
SNPid191	LG13	37.620	Chr14	26375323
SNPid192	LG13	51.368	Chr14	10677218
SNPid193	LG1	50.061	Chr2	23427947
SNPid194	LG1	50.061	Chr2	23472932
SNPid195	LG2	46.402	Chr8	7632649
SNPid196	LG13	28.941	Chr14	29227030
SNPid197	LG3	62.037	Chr11	32715660
SNPid198	LG2	68.710	Chr8	1739083
SNPid199	LG4	10.988	Chr6	31815577
SNPid200	LG4	10.988	Chr6	31780728
SNPid201	LG4	42.014	Chr6	16364095
SNPid202	LG13	14.002	Chr14	33896335
SNPid203	LG13	4.142	Chr14	36379407
SNPid204	LG3	2.212	Chr11	1238402
SNPid205	LG2	25.611	Chr8	17936079
SNPid206	LG10	44.433	Chr13	14241996
SNPid207	LG14	10.981	Chr9	3865818
SNPid208	LG4	45.894	Chr6	7924286
SNPid209	LG7	12.839	Chr7	6635017
SNPid210	LG6	18.059	Chr10	7272519
SNPid211	LG6	0.775	Chr10	861906
SNPid212	LG4	44.564	Chr6	12202024
SNPid213	LG10	46.807	Chr13	17654262
SNPid214	LG3	48.685	Chr11	19714018
SNPid215	LG10	47.823	Chr13	17774880
SNPid216	LG6	39.570	Chr10	29063958
SNPid217	LG2	45.935	Chr8	8035222
SNPid218	LG14	43.644	Chr9	19874116
SNPid219	LG6	28.195	Chr10	12374974
SNPid220	LG3	44.563	Chr11	16876253
SNPid221	LG1	38.514	Chr2	29763148
SNPid222	LG3	20.157	Chr11	8422847
SNPid223	LG7	55.095	Chr4	7045162
SNPid224	LG7	55.095	Chr9	1744162
SNPid225	LG13	32.721	Chr14	28568066
SNPid226	LG8	92.007	Chr12	819253
SNPid227	LG10	47.204	Chr13	17316727
SNPid228	LG14	12.017	Chr9	4035058
SNPid229	LG10	33.996	Chr13	9805683
SNPid230	LG1	51.498	Chr2	17017493
SNPid231	LG2	37.283	Chr8	10843854
SNPid232	LG4	43.532	Chr6	13378599
SNPid233	LG14	10.456	Chr9	3794075
SNPid234	LG4	46.434	Chr6	6068477
SNPid235	LG3	32.070	Chr11	11486903
SNPid236	LG6	34.658	Chr10	21816524
SNPid237	LG4	44.861	Chr6	11235319
SNPid238	LG13	10.960	Chr14	34347802
SNPid239	LG4	32.288	Chr6	25437333
SNPid240	LG10	8.584	Chr13	3735094
SNPid241	LG2	20.116	Chr8	29324374
SNPid242	LG10	49.592	Chr13	25396190
SNPid243	LG3	4.604	Chr11	2729412
SNPid244	LG6	17.705	Chr10	7158217
SNPid245	LG7	15.520	Chr7	8064483
SNPid246	LG10	56.253	Chr13	32420780
SNPid247	LG14	10.793	Chr9	3862135
SNPid248	LG13	55.004	Chr14	7447350
SNPid249	LG10	33.776	Chr13	9967468
SNPid250	LG13	17.624	Chr14	32791886
SNPid251	LG4	40.719	Chr6	18257170
SNPid252	LG4	53.692	Chr6	531148
SNPid253	LG14	11.339	Chr9	3827224
SNPid254	LG3	63.625	Chr11	34783545
SNPid255	LG8	0.388	Chr12	30276677
SNPid256	LG3	59.917	Chr11	31427804
SNPid257	LG9	10.452	Chr4	22219814
SNPid258	LG14	29.565	Chr9	9595524
SNPid259	LG10	48.079	Chr13	23428392
SNPid260	LG14	16.319	Chr9	5254044
SNPid261	LG10	16.151	Chr13	5294788
SNPid262	LG14	50.948	Chr9	23584305
SNPid263	LG13	46.835	Chr14	13646931
SNPid264	LG6	37.745	Chr10	28236402
SNPid265	LG10	12.412	Chr13	4445768
SNPid266	LG10	46.906	Chr13	17555026
SNPid267	LG2	67.241	Chr8	1836660
SNPid268	LG13	28.163	Chr14	29339208
SNPid269	LG14	40.716	Chr9	14328653
SNPid270	LG6	18.344	Chr10	7590283
SNPid271	LG1	2.469	Chr2	43811908
SNPid272	LG7	18.592	Chr7	9205467
SNPid273	LG2	20.911	Chr8	29255127
SNPid274	LG3	63.504	Chr11	34242467
SNPid275	LG6	18.159	Chr10	7329994
SNPid276	LG7	2.410	Chr7	891116
SNPid277	LG8	41.302	Chr12	22475048
SNPid278	LG1	51.144	Chr2	16555750
SNPid279	LG1	56.282	Chr2	10622099
SNPid280	LG8	8.005	Chr12	28253423
SNPid281	LG14	2.251	Chr9	1080944
SNPid282	LG14	27.314	Chr9	8649466
SNPid283	LG4	48.578	Chr6	3259561
SNPid284	LG13	40.987	Chr14	24161493
SNPid285	LG1	51.737	Chr2	15097748
SNPid286	LG4	26.387	Chr6	27487701
SNPid287	LG10	47.693	Chr13	18866426
SNPid288	LG7	3.155	Chr7	1919649
SNPid289	LG10	50.595	Chr13	26680971
SNPid290	LG10	0.833	Chr13	496793
SNPid291	LG2	31.583	Chr8	13222405
SNPid292	LG3	63.190	Chr11	33888338
SNPid293	LG3	57.999	Chr11	30622093
SNPid294	LG14	50.742	Chr9	23418497
SNPid295	LG6	34.267	Chr10	17581519
SNPid296	LG10	53.340	Chr13	30772520
SNPid297	LG3	45.526	Chr11	18433363
SNPid298	LG10	3.502	Chr13	1401628
SNPid299	LG3	30.083	Chr11	10900297
SNPid300	LG8	30.660	Chr12	24626634
SNPid301	LG8	31.931	Chr12	24231603
SNPid302	LG13	13.260	Chr14	34070351
SNPid303	LG10	49.231	Chr13	25102143
SNPid304	LG2	0.000	Chr8	37788013
SNPid305	LG1	50.784	Chr2	22161364
SNPid306	LG7	12.893	Chr7	6389901
SNPid307	LG1	71.273	Chr2	3421690
SNPid308	LG13	43.602	Chr14	15959535
SNPid309	LG8	12.955	Chr12	27031330
SNPid310	LG3	6.827	Chr11	3672890
SNPid311	LG9	62.731	Chr4	1908407
SNPid312	LG9	59.521	Chr4	2960091
SNPid313	LG13	28.062	Chr14	29456105
SNPid314	LG4	9.696	Chr6	32095439
SNPid315	LG3	29.111	Chr11	10466608
SNPid316	LG3	49.245	Chr11	20424318
SNPid317	LG8	32.216	Chr12	24044420
SNPid318	LG1	46.204	Chr2	26868126
SNPid319	LG4	38.276	Chr6	21900000
SNPid320	LG4	46.679	Chr4	23240925
SNPid321	LG8	59.305	Chr12	8741050
SNPid322	LG5	1.341	Chr8	27911617
SNPid323	LG1	8.148	Chr2	42127096
SNPid324	LG10	12.746	Chr13	4494946
SNPid325	LG14	14.481	Chr9	4988864
SNPid326	LG2	29.539	Chr8	14142636
SNPid327	LG10	0.249	Chr13	721789
SNPid328	LG13	52.130	Chr14	9924481
SNPid329	LG13	52.130	Chr14	10389455
SNPid330	LG14	45.605	Chr9	20414454
SNPid331	LG14	50.961	Chr9	23471330
SNPid332	LG6	16.375	Chr10	5954335
SNPid333	LG10	61.885	Chr13	35278812
SNPid334	LG14	32.859	Chr9	10284293
SNPid335	LG14	16.895	Chr9	5360056
SNPid336	LG6	52.275	Chr10	33770709
SNPid337	LG8	58.848	Chr13	25950214
SNPid338	LG6	36.543	Chr10	24532805
SNPid339	LG6	36.543	Chr11	23467221
SNPid340	LG3	34.878	Chr11	12614915
SNPid341	LG14	13.181	Chr9	4767656
SNPid342	LG1	11.135	Chr2	41055603
SNPid343	LG1	50.992	Chr2	20684503
SNPid344	LG8	69.277	Chr12	5049247
SNPid345	LG2	31.171	Chr8	13337331
SNPid346	LG1	47.471	Chr2	25244562
SNPid347	LG3	49.385	Chr11	24462802
SNPid348	LG4	50.459	Chr6	13043287
SNPid349	LG1	64.537	Chr2	5222980
SNPid350	LG7	15.805	Chr7	8057411
SNPid351	LG8	64.604	Chr12	6002663
SNPid352	LG10	47.658	Chr13	21464036
SNPid353	LG6	23.064	Chr10	9431293
SNPid354	LG10	47.220	Chr13	23224920
SNPid355	LG10	47.220	Chr13	23201722
SNPid356	LG3	63.798	Chr11	34464138
SNPid357	LG2	39.215	Chr8	9840158
SNPid358	LG4	45.836	Chr6	7679582
SNPid359	LG4	43.554	Chr6	14271673
SNPid360	LG6	57.057	Chr10	36435966
SNPid361	LG3	33.142	Chr11	11960103
SNPid362	LG3	10.988	Chr11	4920316
SNPid363	LG4	45.990	Chr6	6529561
SNPid364	LG8	37.707	Chr12	23197051
SNPid365	LG9	10.834	Chr4	18652881
SNPid366	LG13	41.175	Chr14	23928117
SNPid367	LG3	23.877	Chr11	9339640
SNPid368	LG2	20.310	Chr8	30304033
SNPid369	LG2	23.453	Chr8	24306429
SNPid370	LG3	52.660	Chr11	27474556
SNPid371	LG3	48.818	Chr11	20590778
SNPid372	LG4	39.081	Chr10	19201133
SNPid373	LG6	8.080	Chr10	2461756
SNPid374	LG9	10.115	Chr4	14193165
SNPid375	LG2	44.427	Chr8	8272608
SNPid376	LG14	50.978	Chr9	23561252
SNPid377	LG8	61.888	Chr12	6733230
SNPid378	LG13	6.343	Chr14	35710928
SNPid379	LG10	34.130	Chr13	9864811
SNPid380	LG7	6.508	Chr7	3256416
SNPid381	LG2	38.212	Chr8	10650038
SNPid382	LG1	5.980	Chr2	45061486
SNPid383	LG3	57.853	Chr11	29833074
SNPid384	LG10	15.155	Chr6	31498231
SNPid385	LG8	71.190	Chr12	4886497
SNPid386	LG10	2.169	Chr13	1011131
SNPid387	LG10	47.823	Chr13	22498646
SNPid388	LG2	70.452	Chr8	1305462
SNPid389	LG3	0.000	Chr11	151853
SNPid390	LG3	58.423	Chr11	29980165
SNPid391	LG9	36.569	Chr4	6905261
SNPid392	LG4	32.853	Chr6	25257527
SNPid393	LG1	26.881	Chr2	34523889
SNPid394	LG13	69.990	Chr14	1823011
SNPid395	LG2	20.732	Chr8	29616411
SNPid396	LG6	40.040	Chr10	29518017
SNPid397	LG8	24.749	Chr12	25415236
SNPid398	LG1	51.408	Chr2	16680653
SNPid399	LG6	11.654	Chr10	4605341
SNPid400	LG14	50.742	Chr9	23370412
SNPid401	LG8	13.061	Chr12	27097792
SNPid402	LG14	5.297	Chr6	22298087
SNPid403	LG6	15.049	Chr10	5781525
SNPid404	LG3	0.607	Chr11	560267
SNPid405	LG3	17.070	Chr11	7233118
SNPid406	LG13	28.552	Chr14	29480714
SNPid407	LG14	50.465	Chr9	23287274
SNPid408	LG1	32.028	Chr2	31823888
SNPid409	LG1	49.412	Chr2	23888452
SNPid410	LG6	46.096	Chr10	31922877
SNPid411	LG3	17.067	Chr11	7371593
SNPid412	LG9	56.402	Chr4	3620496
SNPid413	LG8	92.087	Chr12	701088
SNPid414	LG9	11.147	Chr4	23094523
SNPid415	LG10	20.281	Chr13	6185911
SNPid416	LG14	2.372	Chr9	1173168
SNPid417	LG3	31.093	Chr11	11415029
SNPid418	LG4	48.963	Chr6	2725588
SNPid419	LG8	27.768	Chr12	25161913
SNPid420	LG14	4.679	Chr9	1860580
SNPid421	LG4	49.098	Chr6	3006797
SNPid422	LG4	47.926	Chr6	3432350
SNPid423	LG6	58.272	Chr10	27563148
SNPid424	LG3	28.579	Chr11	10265861
SNPid425	LG9	31.559	Chr4	7627762
SNPid426	LG9	31.559	Chr2	11822177
SNPid427	LG10	2.396	Chr13	1014950
SNPid428	LG13	61.309	Chr14	4776039
SNPid429	LG9	41.309	Chr4	6052540
SNPid430	LG4	33.108	Chr6	25109457
SNPid431	LG4	33.108	Chr6	25092323
SNPid432	LG9	10.642	Chr14	37602173
SNPid433	LG7	4.679	Chr7	2795311
SNPid434	LG3	1.736	Chr11	1174808
SNPid435	LG13	26.957	Chr14	30007464
SNPid436	LG10	59.432	Chr13	33923230
SNPid437	LG6	52.560	Chr10	33956897
SNPid438	LG7	6.553	Chr7	2962653
SNPid439	LG6	3.792	Chr10	1515144
SNPid440	LG2	31.316	Chr8	13363130
SNPid441	LG6	1.752	Chr10	1238824
SNPid442	LG4	39.274	Chr6	20130352
SNPid443	LG9	10.509	Chr4	20633385
SNPid444	LG4	31.311	Chr6	26499796
SNPid445	LG2	39.266	Chr11	18756151
SNPid446	LG2	39.266	Chr8	9852265
SNPid447	LG8	1.310	Chr12	30017852
SNPid448	LG1	52.964	Chr2	13915840
SNPid449	LG1	79.875	Chr2	750891
SNPid450	LG13	11.275	Chr14	34302105
SNPid451	LG3	2.502	Chr11	1586747
SNPid452	LG7	14.363	Chr7	7806408
SNPid453	LG1	10.859	Chr2	41149474
SNPid454	LG9	60.229	Chr4	2865430
SNPid455	LG4	39.149	Chr6	21171157
SNPid456	LG4	39.149	Chr6	21650175
SNPid457	LG11	46.797	Chr6	28871043
SNPid458	LG10	0.839	Chr13	519973
SNPid459	LG9	63.230	Chr4	1765082
SNPid460	LG6	28.608	Chr10	12441277
SNPid461	LG2	43.497	Chr8	8704193
SNPid462	LG2	43.497	Chr8	8646598
SNPid463	LG1	79.324	Chr2	737532
SNPid464	LG7	2.844	Chr7	1826453
SNPid465	LG6	52.081	Chr10	33664118
SNPid466	LG6	0.178	Chr8	16281941
SNPid467	LG6	0.178	Chr10	616656
SNPid468	LG3	42.844	Chr11	15608597
SNPid469	LG3	60.299	Chr11	31757748
SNPid470	LG8	60.234	Chr12	7997636
SNPid471	LG14	22.734	Chr9	7121545
SNPid472	LG4	18.173	Chr11	27752170
SNPid473	LG13	0.160	Chr14	37357860
SNPid474	LG13	39.677	Chr14	25013513
SNPid475	LG1	7.665	Chr2	42315616
SNPid476	LG10	42.275	Chr13	13587505
SNPid477	LG1	35.891	Chr2	30963895
SNPid478	LG13	5.549	Chr14	36135359
SNPid479	LG6	29.219	Chr10	12778869
SNPid480	LG3	61.691	Chr11	32913899
SNPid481	LG6	59.687	Chr10	38199237
SNPid482	LG10	29.416	Chr8	8629577
SNPid483	LG3	63.544	Chr11	34479583
SNPid484	LG8	70.106	Chr12	5005428
SNPid485	LG1	72.302	Chr2	3136818
SNPid486	LG14	17.927	Chr9	5592158
SNPid487	LG6	59.366	Chr10	37720712
SNPid488	LG3	61.772	Chr11	32696171
SNPid489	LG2	5.008	Chr8	35583352
SNPid490	LG2	7.146	Chr8	34931671
SNPid491	LG14	51.557	Chr9	23472869
SNPid492	LG2	18.795	Chr8	30852455
SNPid493	LG1	78.942	Chr2	426611
SNPid494	LG8	91.763	Chr12	909695
SNPid495	LG8	91.763	Chr12	1024858
SNPid496	LG3	63.865	Chr11	34155835
SNPid497	LG6	15.572	Chr10	5858814
SNPid498	LG8	7.572	Chr12	28570185
SNPid499	LG10	5.556	Chr13	2581348
SNPid500	LG3	42.451	Chr11	15187697
SNPid501	LG6	38.460	Chr10	28357342
SNPid502	LG14	10.053	Chr9	3589276
SNPid503	LG14	57.628	Chr9	28416903
SNPid504	LG8	31.380	Chr12	24386096
SNPid505	LG2	45.289	Chr8	8157125
SNPid506	LG13	24.474	Chr14	30927456
SNPid507	LG8	56.140	Chr12	16409050
SNPid508	LG14	0.000	Chr9	473128
SNPid509	LG9	17.115	Chr4	11277377
SNPid510	LG1	66.443	Chr2	4678752
SNPid511	LG13	39.901	Chr14	24735428
SNPid512	LG1	54.059	Chr2	11630054
SNPid513	LG13	63.483	Chr14	3966604
SNPid514	LG13	35.507	Chr14	26933298
SNPid515	LG13	45.326	Chr14	13915336
SNPid516	LG10	14.038	Chr13	4568806
SNPid517	LG10	45.630	Chr13	15375718
SNPid518	LG10	28.363	Chr13	8127844
SNPid519	LG9	9.809	Chr4	17231175
SNPid520	LG1	54.153	Chr2	11775925
SNPid521	LG1	54.153	Chr2	11865771
SNPid522	LG6	40.958	Chr10	29998697
SNPid523	LG4	24.716	Chr6	27811835
SNPid524	LG13	57.073	Chr14	7976693
SNPid525	LG7	12.996	Chr7	6836849
SNPid526	LG1	10.352	Chr2	41319494
SNPid527	LG9	16.636	Chr4	11693130
SNPid528	LG10	48.411	Chr13	24210501
SNPid529	LG4	39.223	Chr10	19093907
SNPid530	LG4	44.782	Chr6	11501176
SNPid531	LG3	50.474	Chr11	26111094
SNPid532	LG13	52.539	Chr14	9756271
SNPid533	LG3	61.938	Chr11	32808801
SNPid534	LG13	64.825	Chr13	31022965
SNPid535	LG13	17.499	Chr14	32915135
SNPid536	LG6	34.285	Chr10	17753092
SNPid537	LG1	12.423	Chr2	40725520
SNPid538	LG14	50.707	Chr9	23413597
SNPid539	LG1	27.124	Chr2	34379356
SNPid540	LG3	2.923	Chr11	1973123
SNPid541	LG6	33.492	Chr10	16789110
SNPid542	LG14	42.355	Chr9	17373465
SNPid543	LG6	51.814	Chr10	33478970
SNPid544	LG13	32.876	Chr14	28211511
SNPid545	LG14	26.860	Chr9	8417164
SNPid546	LG2	29.857	Chr8	13689491
SNPid547	LG7	13.359	Chr7	6978690
SNPid548	LG3	15.375	Chr11	6523898
SNPid549	LG3	45.706	Chr11	18266143
SNPid550	LG13	35.035	Chr14	27170577
SNPid551	LG3	49.436	Chr11	23267837
SNPid552	LG10	17.082	Chr13	5520601
SNPid553	LG8	56.768	Chr12	15736659
SNPid554	LG3	63.463	Chr11	34074260
SNPid555	LG3	27.703	Chr11	9928230
SNPid556	LG2	33.097	Chr8	12597138
SNPid557	LG8	3.496	Chr12	29606448
SNPid558	LG10	31.353	Chr13	9131765
SNPid559	LG14	57.352	Chr9	28418115
SNPid560	LG10	44.879	Chr13	14685712
SNPid561	LG4	11.985	Chr6	31207349
SNPid562	LG14	29.303	Chr9	9518439
SNPid563	LG14	35.953	Chr9	11721551
SNPid564	LG1	55.207	Chr2	11019609
SNPid565	LG4	45.392	Chr6	6517384
SNPid566	LG14	40.667	Chr9	14540001
SNPid567	LG10	58.715	Chr13	33612672
SNPid568	LG10	63.512	Chr13	36695658
SNPid569	LG1	47.157	Chr2	25666415
SNPid570	LG10	51.329	Chr13	28659397
SNPid571	LG13	8.763	Chr14	34930852
SNPid572	LG2	40.359	Chr8	9313812
SNPid573	LG3	32.077	Chr11	11510346
SNPid574	LG10	48.119	Chr13	23408966
SNPid575	LG1	40.433	Chr2	29210496
SNPid576	LG8	22.594	Chr12	25740984
SNPid577	LG4	42.142	Chr6	17304945
SNPid578	LG7	0.000	Chr7	772421
SNPid579	LG13	34.368	Chr14	27647611
SNPid580	LG13	34.368	Chr14	27647966
SNPid581	LG8	56.679	Chr12	15484558
SNPid582	LG8	56.679	Chr12	15484665
SNPid583	LG9	0.000	Chr4	22327885
SNPid584	LG9	59.025	Chr4	3075875
SNPid585	LG3	49.246	Chr11	19848401
SNPid586	LG6	39.807	Chr10	29291406
SNPid587	LG9	11.033	Chr4	24060746
SNPid588	LG10	47.279	Chr13	23316950
SNPid589	LG8	86.275	Chr12	1931970
SNPid590	LG1	64.564	Chr2	5209679
SNPid591	LG6	41.510	Chr8	2470022
SNPid592	LG1	78.884	Chr2	433564
SNPid593	LG13	34.411	Chr14	27789644
SNPid594	LG4	44.580	Chr6	10676520
SNPid595	LG10	25.969	Chr13	6982961
SNPid596	LG4	41.986	Chr6	16246086
SNPid597	LG13	44.292	Chr14	14882390
SNPid598	LG1	53.865	Chr2	12757174
SNPid599	LG1	53.865	Chr2	12706064
SNPid600	LG14	36.063	Chr9	11809110
SNPid601	LG6	18.903	Chr10	7887946
SNPid602	LG2	23.290	Chr8	24332893
SNPid603	LG7	17.035	Chr7	8355164
SNPid604	LG6	36.319	Chr10	23583567
SNPid605	LG4	42.700	Chr6	15781248
SNPid606	LG3	48.415	Chr11	19512575
SNPid607	LG6	20.520	Chr10	8055754
SNPid608	LG13	35.725	Chr14	26968273
SNPid609	LG1	67.487	Chr2	4340514
SNPid610	LG6	6.023	Chr10	2147739
SNPid611	LG1	55.896	Chr2	10803221
SNPid612	LG2	3.447	Chr8	36050418
SNPid613	LG13	43.266	Chr14	16142830
SNPid614	LG2	47.192	Chr8	7341816
SNPid615	LG8	23.499	Chr12	25615261
SNPid616	LG13	0.695	Chr14	37233309
SNPid617	LG1	27.302	Chr2	34293992
SNPid618	LG7	2.639	Chr7	1814829
SNPid619	LG16	18.398	Chr13	32064623
SNPid620	LG14	45.366	Chr9	20443140
SNPid621	LG4	40.083	Chr10	8785759
SNPid622	LG4	41.814	Chr6	16573550
SNPid623	LG10	55.299	Chr13	31823842
SNPid624	LG7	12.279	Chr7	6175937
SNPid625	LG1	50.203	Chr2	23452934
SNPid626	LG1	51.537	Chr2	20006014
SNPid627	LG1	51.537	Chr2	19993270
SNPid628	LG10	47.470	Chr13	21610080
SNPid629	LG6	33.541	Chr10	16610618
SNPid630	LG14	36.285	Chr9	11905267
SNPid631	LG6	34.194	Chr10	17785794
SNPid632	LG6	53.244	Chr10	34130970
SNPid633	LG13	9.899	Chr14	34724827
SNPid634	LG3	50.262	Chr11	25776023
SNPid635	LG1	54.245	Chr2	11572149
SNPid636	LG13	30.912	Chr14	28802316
SNPid637	LG2	25.692	Chr8	17282701
SNPid638	LG8	16.160	Chr12	26691427
SNPid639	LG4	26.727	Chr6	27465690
SNPid640	LG6	44.049	Chr10	31058431
SNPid641	LG6	44.049	Chr10	31123859
SNPid642	LG6	17.789	Chr10	6901490
SNPid643	LG1	42.288	Chr2	28657225
SNPid644	LG1	73.081	Chr2	3103856
SNPid645	LG3	60.870	Chr11	31871998
SNPid646	LG9	11.626	Chr4	23961416
SNPid647	LG1	40.921	Chr2	29384403
SNPid648	LG8	4.558	Chr12	29172417
SNPid649	LG2	25.066	Chr8	18395219
SNPid650	LG2	25.066	Chr2	43856215
SNPid651	LG2	25.066	Chr12	28110290
SNPid652	LG1	51.738	Chr2	19031735
SNPid653	LG1	38.183	Chr2	29992905
SNPid654	LG2	34.154	Chr8	12082342
SNPid655	LG3	46.925	Chr11	19056302
SNPid656	LG14	42.655	Chr9	17395517
SNPid657	LG6	39.735	Chr10	28819027
SNPid658	LG13	22.405	Chr14	31536528
SNPid659	LG6	44.138	Chr10	30930650
SNPid660	LG1	31.903	Chr2	31700354
SNPid661	LG3	49.122	Chr11	21263759
SNPid662	LG2	47.001	Chr8	7573659
SNPid663	LG10	15.830	Chr13	4996138
SNPid664	LG4	44.670	Chr6	11609642
SNPid665	LG10	34.073	Chr13	9791544
SNPid666	LG2	25.967	Chr8	16605154
SNPid667	LG3	44.950	Chr11	17812239
SNPid668	LG3	45.299	Chr11	17666854
SNPid669	LG1	26.709	Chr2	34857357
SNPid670	LG1	12.571	Chr2	40804034
SNPid671	LG8	59.823	Chr12	7667141
SNPid672	LG2	39.072	Chr8	10152383
SNPid673	LG8	11.838	Chr12	27401603
SNPid674	LG3	47.327	Chr11	19284806
SNPid675	LG3	45.070	Chr11	17758901
SNPid676	LG4	33.736	Chr6	24842167
SNPid677	LG4	41.671	Chr6	17947602
SNPid678	LG2	39.519	Chr8	9688783
SNPid679	LG13	61.766	Chr14	4470451
SNPid680	LG2	3.753	Chr8	35848474
SNPid681	LG14	40.933	Chr9	14641748
SNPid682	LG1	51.584	Chr2	15460830
SNPid683	LG1	46.502	Chr2	26919167
SNPid684	LG4	43.828	Chr6	14369940
SNPid685	LG10	38.755	Chr13	12443114
SNPid686	LG6	1.572	Chr10	1224212
SNPid687	LG13	40.091	Chr14	24768405
SNPid688	LG3	52.889	Chr11	27811198
SNPid689	LG10	0.000	Chr13	599369
SNPid690	LG6	41.282	Chr10	29940147
SNPid691	LG14	42.918	Chr9	17471870
SNPid692	LG1	49.158	Chr2	24566630
SNPid693	LG6	48.769	Chr10	32624493
SNPid694	LG8	58.927	Chr12	9929902
SNPid695	LG1	67.242	Chr2	4406719
SNPid696	LG10	47.165	Chr13	19678222
SNPid697	LG3	52.927	Chr11	27786276
SNPid698	LG10	29.806	Chr13	8831058
SNPid699	LG2	34.589	Chr8	11747861
SNPid700	LG3	59.444	Chr11	30275878
SNPid701	LG2	9.488	Chr8	34661842
SNPid702	LG10	57.919	Chr13	33000312
SNPid703	LG1	54.402	Chr2	11123294
SNPid704	LG14	22.142	Chr9	7088332
SNPid705	LG10	58.919	Chr13	33678484
SNPid706	LG8	71.914	Chr12	4670107
SNPid707	LG3	1.435	Chr11	850488
SNPid708	LG10	47.858	Chr13	23103570
SNPid709	LG1	54.182	Chr2	12022049
SNPid710	LG13	9.411	Chr14	34768007
SNPid711	LG7	17.326	Chr7	8445918
SNPid712	LG6	0.593	Chr10	292062
SNPid713	LG8	26.166	Chr12	25314613
SNPid714	LG10	47.334	Chr13	19759511
SNPid715	LG4	46.760	Chr6	5334866
SNPid716	LG2	1.952	Chr8	36426309
SNPid717	LG6	39.687	Chr10	28802261
SNPid718	LG6	35.763	Chr10	23088027
SNPid719	LG2	31.536	Chr8	13156813
SNPid720	LG3	1.203	Chr11	971803
SNPid721	LG10	29.374	Chr13	8433001
SNPid722	LG13	46.170	Chr14	13818058
SNPid723	LG10	48.010	Chr13	21961425
SNPid724	LG13	32.714	Chr14	28563189
SNPid725	LG4	46.555	Chr4	23400553
SNPid726	LG12	15.012	Chr2	15001908
SNPid727	LG10	47.825	Chr13	18165919
SNPid728	LG14	43.805	Chr9	18990491
SNPid729	LG3	2.621	Chr11	1400241
SNPid730	LG2	32.525	Chr8	12853527
SNPid731	LG6	37.591	Chr10	26748534
SNPid732	LG10	47.537	Chr13	23161056
SNPid733	LG10	41.329	Chr13	13107490
SNPid734	LG9	9.935	Chr4	16548493
SNPid735	LG14	44.213	Chr9	20113775
SNPid736	LG10	58.895	Chr13	33753061
SNPid737	LG14	45.383	Chr9	20709734
SNPid738	LG3	22.090	Chr11	8812415
SNPid739	LG1	63.876	Chr2	5627670
SNPid740	LG1	12.742	Chr2	40680219
SNPid741	LG9	14.605	Chr4	12582716
SNPid742	LG13	27.917	Chr14	29632905
SNPid743	LG14	40.215	Chr9	14590539
SNPid744	LG10	30.934	Chr13	9166706
SNPid745	LG10	47.803	Chr12	13437560
SNPid746	LG13	59.119	Chr14	5591349
SNPid747	LG4	9.504	Chr6	32066330
SNPid748	LG10	46.496	Chr13	15708997
SNPid749	LG5	29.352	Chr14	21716764
SNPid750	LG2	15.894	Chr8	30981011
SNPid751	LG3	60.047	Chr11	31698641
SNPid752	LG6	34.900	Chr10	22388988
SNPid753	LG1	32.140	Chr2	31658650
SNPid754	LG13	13.763	Chr14	34005920
SNPid755	LG2	25.443	Chr8	17693313
SNPid756	LG1	26.311	Chr2	35022458
SNPid757	LG2	47.953	Chr8	7252148
SNPid758	LG7	5.783	Chr7	3080086
SNPid759	LG1	50.813	Chr2	22341640
SNPid760	LG6	21.521	Chr10	8376018
SNPid761	LG3	56.837	Chr11	29471533
SNPid762	LG14	52.229	Chr9	24219786
SNPid763	LG1	21.050	Chr2	37228267
SNPid764	LG4	46.407	Chr6	5718456
SNPid765	LG6	43.696	Chr10	30538545
SNPid766	LG13	5.325	Chr14	36278506
SNPid767	LG1	38.088	Chr2	29942524
SNPid768	LG9	10.772	Chr4	21422512
SNPid769	LG6	10.445	Chr10	3575307
SNPid770	LG1	12.508	Chr2	40928172
SNPid771	LG4	17.982	Chr6	30103260
SNPid772	LG6	33.372	Chr10	15776342
SNPid773	LG3	49.362	Chr11	24453059
SNPid774	LG10	48.282	Chr13	23836519
SNPid775	LG8	56.723	Chr12	15505481
SNPid776	LG10	44.137	Chr13	14265144
SNPid777	LG4	32.847	Chr6	25434557
SNPid778	LG14	0.770	Chr9	703772
SNPid779	LG1	54.537	Chr2	11077783
SNPid780	LG13	43.265	Chr14	15835358
SNPid781	LG10	47.923	Chr13	21476700
SNPid782	LG4	43.520	Chr6	13530906
SNPid783	LG13	27.987	Chr14	29700188
SNPid784	LG3	42.704	Chr11	15598121
SNPid785	LG4	18.791	Chr6	29748266
SNPid786	LG4	41.234	Chr6	18061762
SNPid787	LG9	9.683	Chr4	18059053
SNPid788	LG3	49.634	Chr11	21378962
SNPid789	LG2	24.617	Chr8	18657097
SNPid790	LG4	42.181	Chr6	16981055
SNPid791	LG4	29.843	Chr6	26767891
SNPid792	LG4	12.737	Chr6	31044774
SNPid793	LG3	19.425	Chr11	8160458
SNPid794	LG9	10.718	Chr13	37252437
SNPid795	LG2	31.860	Chr8	12967749
SNPid796	LG1	51.638	Chr2	15535618
SNPid797	LG9	60.292	Chr4	2919781
SNPid798	LG14	31.957	Chr9	9911565
SNPid799	LG2	24.879	Chr8	18405436
SNPid800	LG4	32.857	Chr6	25175490
SNPid801	LG2	1.901	Chr8	36846324
SNPid802	LG1	51.047	Chr2	15173055
SNPid803	LG3	45.235	Chr11	17112700
SNPid804	LG2	41.263	Chr8	9189181
SNPid805	LG4	32.523	Chr6	25213064
SNPid806	LG6	53.731	Chr10	34203616
SNPid807	LG3	61.249	Chr11	32344133
SNPid808	LG2	3.808	Chr8	35867984
SNPid809	LG6	35.503	Chr10	22588921
SNPid810	LG4	8.077	Chr6	32356438
SNPid811	LG8	64.017	Chr12	6377029
SNPid812	LG6	8.748	Chr10	2639986
SNPid813	LG13	59.738	Chr14	7436005
SNPid814	LG9	9.435	Chr4	23801057
SNPid815	LG10	47.679	Chr13	18356098
SNPid816	LG13	39.173	Chr14	25204937
SNPid817	LG9	10.987	Chr4	22187560
SNPid818	LG6	22.512	Chr10	8460174
SNPid819	LG2	53.163	Chr8	5586926
SNPid820	LG6	38.041	Chr10	33215558
SNPid821	LG10	11.379	Chr13	4219732
SNPid822	LG3	45.103	Chr11	17423371
SNPid823	LG3	45.103	Chr11	17538838
SNPid824	LG1	41.179	Chr2	29064255
SNPid825	LG3	5.778	Chr11	3382187
SNPid826	LG6	52.465	Chr10	34039061
SNPid827	LG6	60.160	Chr10	38290484
SNPid828	LG14	30.153	Chr9	9644799
SNPid829	LG10	51.777	Chr13	29472283
SNPid830	LG10	62.381	Chr13	36206309
SNPid831	LG10	57.090	Chr13	32862457
SNPid832	LG1	26.782	Chr4	1448085
SNPid833	LG9	68.832	Chr4	759337
SNPid834	LG6	34.031	Chr10	17828607
SNPid835	LG10	58.235	Chr13	33317492
SNPid836	LG10	40.865	Chr13	13156224
SNPid837	LG9	60.986	Chr4	2798004
SNPid838	LG2	39.175	Chr8	9965006
SNPid839	LG10	39.085	Chr13	12562490
SNPid840	LG10	61.285	Chr13	35405695
SNPid841	LG10	46.374	Chr13	16512497
SNPid842	LG3	45.626	Chr11	18025471
SNPid843	LG3	42.797	Chr11	16292181
SNPid844	LG10	51.311	Chr13	28176608
SNPid845	LG2	33.747	Chr8	12403174
SNPid846	LG6	39.820	Chr10	28844336
SNPid847	LG10	59.607	Chr13	34135336
SNPid848	LG8	54.056	Chr12	18192066
SNPid849	LG14	4.358	Chr9	1792587
SNPid850	LG9	42.576	Chr4	5868485
SNPid851	LG4	29.687	Chr6	26689735
SNPid852	LG10	20.183	Chr13	6209791
SNPid853	LG4	36.286	Chr6	23367029
SNPid854	LG13	38.222	Chr14	26145124
SNPid855	LG2	34.514	Chr8	11827871
SNPid856	LG8	0.000	Chr12	30199520
SNPid857	LG3	13.453	Chr11	5618306
SNPid858	LG9	58.871	Chr4	3097509
SNPid859	LG3	25.529	Chr11	9629994
SNPid860	LG1	46.248	Chr2	26846422
SNPid861	LG1	51.682	Chr2	18495990
SNPid862	LG1	46.970	Chr2	25667745
SNPid863	LG10	46.254	Chr13	16675716
SNPid864	LG9	37.107	Chr4	6895088
SNPid865	LG1	45.245	Chr2	27775204
SNPid866	LG6	36.879	Chr10	24992723
SNPid867	LG14	26.926	Chr9	8401368
SNPid868	LG1	50.165	Chr2	23324286
SNPid869	LG13	49.623	Chr14	11571640
SNPid870	LG4	24.312	Chr6	28172363
SNPid871	LG10	13.536	Chr13	4553154
SNPid872	LG1	51.049	Chr2	15284804
SNPid873	LG4	43.519	Chr6	13528203
SNPid874	LG3	18.395	Chr11	7455339
SNPid875	LG10	34.288	Chr13	10419998
SNPid876	LG7	0.668	Chr7	1027960
SNPid877	LG3	34.954	Chr11	12663495
SNPid878	LG6	36.413	Chr10	23908948
SNPid879	LG6	20.275	Chr10	8096932
SNPid880	LG14	44.197	Chr9	20129915
SNPid881	LG10	43.838	Chr13	14135945
SNPid882	LG13	10.837	Chr14	34442658
SNPid883	LG1	57.181	Chr2	9463417
